<?xml version="1.0" encoding="utf-8"?>
<Signature>
  <Version>1.0</Version>
  <RelatedEBD>
    <EBDID>10450011600000003140102010000000000000009</EBDID>
  </RelatedEBD>
  <SignatureCert>
    <CertType>01</CertType>
    <IssuerID>
    </IssuerID>
    <CertSN>
    </CertSN>
  </SignatureCert>
  <SignatureTime>EC-50-D7-16-D3-28-E5-40</SignatureTime>
  <DigestAlgorithm>SM3</DigestAlgorithm>
  <SignatureAlgorithm>SM2</SignatureAlgorithm>
  <SignatureValue>&#x0;&#x0;&#x0;&#x0;&#x0;&#x0;&#x0;&#x0;&#x0;&#x0;&#x0;&#x0;&#x0;&#x0;&#x0;&#x0;&#x0;&#x0;&#x0;&#x0;&#x0;&#x0;&#x0;&#x0;&#x0;&#x0;&#x0;&#x0;&#x0;&#x0;&#x0;&#x0;&#x0;&#x0;&#x0;&#x0;&#x0;&#x0;&#x0;&#x0;&#x0;&#x0;&#x0;&#x0;&#x0;&#x0;&#x0;&#x0;&#x0;&#x0;&#x0;&#x0;&#x0;&#x0;&#x0;&#x0;&#x0;&#x0;&#x0;&#x0;&#x0;&#x0;&#x0;&#x0;&#x0;&#x0;&#x0;&#x0;&#x0;&#x0;&#x0;&#x0;&#x0;&#x0;&#x0;&#x0;&#x0;&#x0;&#x0;&#x0;&#x0;&#x0;&#x0;&#x0;&#x0;&#x0;&#x0;&#x0;&#x0;&#x0;&#x0;&#x0;&#x0;&#x0;&#x0;&#x0;&#x0;&#x0;&#x0;&#x0;</SignatureValue>
</Signature>
