<?xml version="1.0" encoding="utf-8" standalone="yes"?>
<EBD xmlns:xsi="http://www.w3.org/2001/XMLSchema-instance" xmlns:xsd="http://www.w3.org/2001/XMLSchema">
  <EBDVersion>1.0</EBDVersion>
  <EBDID>10450011600000003140102010000000000000006</EBDID>
  <EBDType>EBRDTState</EBDType>
  <SRC>
    <EBRID>45001160000000314010201</EBRID>
    <URL>http://192.168.4.193:7500</URL>
  </SRC>
  <EBDTime>2018-08-24 23:11:43</EBDTime>
  <EBRDTState>
    <EBRDT>
      <RptTime>2018-08-24 23:11:43</RptTime>
      <EBRID>65001161012070314010105</EBRID>
      <StateCode>3</StateCode>
      <StateDesc>离线</StateDesc>
    </EBRDT>
    <EBRDT>
      <RptTime>2018-08-24 23:11:43</RptTime>
      <EBRID>65001161012070314010106</EBRID>
      <StateCode>3</StateCode>
      <StateDesc>离线</StateDesc>
    </EBRDT>
    <EBRDT>
      <RptTime>2018-08-24 23:11:43</RptTime>
      <EBRID>65001161022010314010109</EBRID>
      <StateCode>3</StateCode>
      <StateDesc>离线</StateDesc>
    </EBRDT>
    <EBRDT>
      <RptTime>2018-08-24 23:11:43</RptTime>
      <EBRID>65001161012070314010107</EBRID>
      <StateCode>3</StateCode>
      <StateDesc>离线</StateDesc>
    </EBRDT>
    <EBRDT>
      <RptTime>2018-08-24 23:11:43</RptTime>
      <EBRID>65001161012070314010108</EBRID>
      <StateCode>3</StateCode>
      <StateDesc>离线</StateDesc>
    </EBRDT>
    <EBRDT>
      <RptTime>2018-08-24 23:11:43</RptTime>
      <EBRID>65001161012070314010109</EBRID>
      <StateCode>3</StateCode>
      <StateDesc>离线</StateDesc>
    </EBRDT>
    <EBRDT>
      <RptTime>2018-08-24 23:11:43</RptTime>
      <EBRID>65001161022020314010101</EBRID>
      <StateCode>3</StateCode>
      <StateDesc>离线</StateDesc>
    </EBRDT>
    <EBRDT>
      <RptTime>2018-08-24 23:11:43</RptTime>
      <EBRID>65001161012070314010110</EBRID>
      <StateCode>3</StateCode>
      <StateDesc>离线</StateDesc>
    </EBRDT>
    <EBRDT>
      <RptTime>2018-08-24 23:11:43</RptTime>
      <EBRID>65001161022020314010102</EBRID>
      <StateCode>3</StateCode>
      <StateDesc>离线</StateDesc>
    </EBRDT>
    <EBRDT>
      <RptTime>2018-08-24 23:11:43</RptTime>
      <EBRID>65001161022020314010103</EBRID>
      <StateCode>3</StateCode>
      <StateDesc>离线</StateDesc>
    </EBRDT>
    <EBRDT>
      <RptTime>2018-08-24 23:11:43</RptTime>
      <EBRID>65001161022020314010104</EBRID>
      <StateCode>3</StateCode>
      <StateDesc>离线</StateDesc>
    </EBRDT>
    <EBRDT>
      <RptTime>2018-08-24 23:11:43</RptTime>
      <EBRID>65001161022020314010105</EBRID>
      <StateCode>3</StateCode>
      <StateDesc>离线</StateDesc>
    </EBRDT>
    <EBRDT>
      <RptTime>2018-08-24 23:11:43</RptTime>
      <EBRID>65001161022020314010106</EBRID>
      <StateCode>3</StateCode>
      <StateDesc>离线</StateDesc>
    </EBRDT>
    <EBRDT>
      <RptTime>2018-08-24 23:11:43</RptTime>
      <EBRID>65001161010050314010101</EBRID>
      <StateCode>3</StateCode>
      <StateDesc>离线</StateDesc>
    </EBRDT>
    <EBRDT>
      <RptTime>2018-08-24 23:11:43</RptTime>
      <EBRID>65001161010050314010102</EBRID>
      <StateCode>3</StateCode>
      <StateDesc>离线</StateDesc>
    </EBRDT>
    <EBRDT>
      <RptTime>2018-08-24 23:11:43</RptTime>
      <EBRID>65001161022020314010107</EBRID>
      <StateCode>3</StateCode>
      <StateDesc>离线</StateDesc>
    </EBRDT>
    <EBRDT>
      <RptTime>2018-08-24 23:11:43</RptTime>
      <EBRID>65001161010050314010103</EBRID>
      <StateCode>3</StateCode>
      <StateDesc>离线</StateDesc>
    </EBRDT>
    <EBRDT>
      <RptTime>2018-08-24 23:11:43</RptTime>
      <EBRID>65001161022020314010108</EBRID>
      <StateCode>3</StateCode>
      <StateDesc>离线</StateDesc>
    </EBRDT>
    <EBRDT>
      <RptTime>2018-08-24 23:11:43</RptTime>
      <EBRID>65001161010050314010104</EBRID>
      <StateCode>3</StateCode>
      <StateDesc>离线</StateDesc>
    </EBRDT>
    <EBRDT>
      <RptTime>2018-08-24 23:11:43</RptTime>
      <EBRID>65001161022020314010109</EBRID>
      <StateCode>3</StateCode>
      <StateDesc>离线</StateDesc>
    </EBRDT>
    <EBRDT>
      <RptTime>2018-08-24 23:11:43</RptTime>
      <EBRID>65001161010050314010105</EBRID>
      <StateCode>3</StateCode>
      <StateDesc>离线</StateDesc>
    </EBRDT>
    <EBRDT>
      <RptTime>2018-08-24 23:11:43</RptTime>
      <EBRID>65001161010050314010106</EBRID>
      <StateCode>3</StateCode>
      <StateDesc>离线</StateDesc>
    </EBRDT>
    <EBRDT>
      <RptTime>2018-08-24 23:11:43</RptTime>
      <EBRID>65001161022030314010101</EBRID>
      <StateCode>3</StateCode>
      <StateDesc>离线</StateDesc>
    </EBRDT>
    <EBRDT>
      <RptTime>2018-08-24 23:11:43</RptTime>
      <EBRID>65001161010050314010107</EBRID>
      <StateCode>3</StateCode>
      <StateDesc>离线</StateDesc>
    </EBRDT>
    <EBRDT>
      <RptTime>2018-08-24 23:11:43</RptTime>
      <EBRID>65001161022030314010102</EBRID>
      <StateCode>3</StateCode>
      <StateDesc>离线</StateDesc>
    </EBRDT>
    <EBRDT>
      <RptTime>2018-08-24 23:11:43</RptTime>
      <EBRID>65001161022030314010103</EBRID>
      <StateCode>3</StateCode>
      <StateDesc>离线</StateDesc>
    </EBRDT>
    <EBRDT>
      <RptTime>2018-08-24 23:11:43</RptTime>
      <EBRID>65001161010050314010108</EBRID>
      <StateCode>3</StateCode>
      <StateDesc>离线</StateDesc>
    </EBRDT>
    <EBRDT>
      <RptTime>2018-08-24 23:11:43</RptTime>
      <EBRID>65001161022030314010104</EBRID>
      <StateCode>3</StateCode>
      <StateDesc>离线</StateDesc>
    </EBRDT>
    <EBRDT>
      <RptTime>2018-08-24 23:11:43</RptTime>
      <EBRID>65001161010050314010109</EBRID>
      <StateCode>3</StateCode>
      <StateDesc>离线</StateDesc>
    </EBRDT>
    <EBRDT>
      <RptTime>2018-08-24 23:11:43</RptTime>
      <EBRID>65001161022030314010105</EBRID>
      <StateCode>3</StateCode>
      <StateDesc>离线</StateDesc>
    </EBRDT>
    <EBRDT>
      <RptTime>2018-08-24 23:11:43</RptTime>
      <EBRID>65001161022030314010106</EBRID>
      <StateCode>3</StateCode>
      <StateDesc>离线</StateDesc>
    </EBRDT>
    <EBRDT>
      <RptTime>2018-08-24 23:11:43</RptTime>
      <EBRID>65001161010050314010110</EBRID>
      <StateCode>3</StateCode>
      <StateDesc>离线</StateDesc>
    </EBRDT>
    <EBRDT>
      <RptTime>2018-08-24 23:11:43</RptTime>
      <EBRID>65001161022030314010107</EBRID>
      <StateCode>3</StateCode>
      <StateDesc>离线</StateDesc>
    </EBRDT>
    <EBRDT>
      <RptTime>2018-08-24 23:11:43</RptTime>
      <EBRID>65001161022030314010108</EBRID>
      <StateCode>3</StateCode>
      <StateDesc>离线</StateDesc>
    </EBRDT>
    <EBRDT>
      <RptTime>2018-08-24 23:11:43</RptTime>
      <EBRID>65001161022030314010109</EBRID>
      <StateCode>3</StateCode>
      <StateDesc>离线</StateDesc>
    </EBRDT>
    <EBRDT>
      <RptTime>2018-08-24 23:11:43</RptTime>
      <EBRID>65001161022030314010110</EBRID>
      <StateCode>3</StateCode>
      <StateDesc>离线</StateDesc>
    </EBRDT>
    <EBRDT>
      <RptTime>2018-08-24 23:11:43</RptTime>
      <EBRID>65001161010040314010101</EBRID>
      <StateCode>3</StateCode>
      <StateDesc>离线</StateDesc>
    </EBRDT>
    <EBRDT>
      <RptTime>2018-08-24 23:11:43</RptTime>
      <EBRID>65001161010040314010102</EBRID>
      <StateCode>3</StateCode>
      <StateDesc>离线</StateDesc>
    </EBRDT>
    <EBRDT>
      <RptTime>2018-08-24 23:11:43</RptTime>
      <EBRID>65001161010040314010103</EBRID>
      <StateCode>3</StateCode>
      <StateDesc>离线</StateDesc>
    </EBRDT>
    <EBRDT>
      <RptTime>2018-08-24 23:11:43</RptTime>
      <EBRID>65001161102060314010101</EBRID>
      <StateCode>3</StateCode>
      <StateDesc>离线</StateDesc>
    </EBRDT>
    <EBRDT>
      <RptTime>2018-08-24 23:11:43</RptTime>
      <EBRID>65001161040030314010102</EBRID>
      <StateCode>3</StateCode>
      <StateDesc>离线</StateDesc>
    </EBRDT>
    <EBRDT>
      <RptTime>2018-08-24 23:11:43</RptTime>
      <EBRID>65001161040030314010103</EBRID>
      <StateCode>3</StateCode>
      <StateDesc>离线</StateDesc>
    </EBRDT>
    <EBRDT>
      <RptTime>2018-08-24 23:11:43</RptTime>
      <EBRID>65001161010040314010104</EBRID>
      <StateCode>3</StateCode>
      <StateDesc>离线</StateDesc>
    </EBRDT>
    <EBRDT>
      <RptTime>2018-08-24 23:11:43</RptTime>
      <EBRID>65001161010040314010105</EBRID>
      <StateCode>3</StateCode>
      <StateDesc>离线</StateDesc>
    </EBRDT>
    <EBRDT>
      <RptTime>2018-08-24 23:11:43</RptTime>
      <EBRID>65001161010040314010106</EBRID>
      <StateCode>3</StateCode>
      <StateDesc>离线</StateDesc>
    </EBRDT>
    <EBRDT>
      <RptTime>2018-08-24 23:11:43</RptTime>
      <EBRID>65001161102060314010102</EBRID>
      <StateCode>3</StateCode>
      <StateDesc>离线</StateDesc>
    </EBRDT>
    <EBRDT>
      <RptTime>2018-08-24 23:11:43</RptTime>
      <EBRID>65001161010040314010107</EBRID>
      <StateCode>3</StateCode>
      <StateDesc>离线</StateDesc>
    </EBRDT>
    <EBRDT>
      <RptTime>2018-08-24 23:11:43</RptTime>
      <EBRID>65001161040030314010104</EBRID>
      <StateCode>3</StateCode>
      <StateDesc>离线</StateDesc>
    </EBRDT>
    <EBRDT>
      <RptTime>2018-08-24 23:11:43</RptTime>
      <EBRID>65001161010040314010108</EBRID>
      <StateCode>3</StateCode>
      <StateDesc>离线</StateDesc>
    </EBRDT>
    <EBRDT>
      <RptTime>2018-08-24 23:11:43</RptTime>
      <EBRID>65001161010040314010109</EBRID>
      <StateCode>3</StateCode>
      <StateDesc>离线</StateDesc>
    </EBRDT>
    <EBRDT>
      <RptTime>2018-08-24 23:11:43</RptTime>
      <EBRID>65001161040030314010105</EBRID>
      <StateCode>3</StateCode>
      <StateDesc>离线</StateDesc>
    </EBRDT>
    <EBRDT>
      <RptTime>2018-08-24 23:11:43</RptTime>
      <EBRID>65001161102060314010103</EBRID>
      <StateCode>3</StateCode>
      <StateDesc>离线</StateDesc>
    </EBRDT>
    <EBRDT>
      <RptTime>2018-08-24 23:11:43</RptTime>
      <EBRID>65001161010040314010110</EBRID>
      <StateCode>3</StateCode>
      <StateDesc>离线</StateDesc>
    </EBRDT>
    <EBRDT>
      <RptTime>2018-08-24 23:11:43</RptTime>
      <EBRID>65001161102060314010104</EBRID>
      <StateCode>3</StateCode>
      <StateDesc>离线</StateDesc>
    </EBRDT>
    <EBRDT>
      <RptTime>2018-08-24 23:11:43</RptTime>
      <EBRID>65001161240010314010101</EBRID>
      <StateCode>3</StateCode>
      <StateDesc>离线</StateDesc>
    </EBRDT>
    <EBRDT>
      <RptTime>2018-08-24 23:11:43</RptTime>
      <EBRID>65001161102060314010105</EBRID>
      <StateCode>3</StateCode>
      <StateDesc>离线</StateDesc>
    </EBRDT>
    <EBRDT>
      <RptTime>2018-08-24 23:11:43</RptTime>
      <EBRID>65001161010030314010101</EBRID>
      <StateCode>3</StateCode>
      <StateDesc>离线</StateDesc>
    </EBRDT>
    <EBRDT>
      <RptTime>2018-08-24 23:11:43</RptTime>
      <EBRID>65001161010030314010102</EBRID>
      <StateCode>3</StateCode>
      <StateDesc>离线</StateDesc>
    </EBRDT>
    <EBRDT>
      <RptTime>2018-08-24 23:11:43</RptTime>
      <EBRID>65001161040020314010101</EBRID>
      <StateCode>3</StateCode>
      <StateDesc>离线</StateDesc>
    </EBRDT>
    <EBRDT>
      <RptTime>2018-08-24 23:11:43</RptTime>
      <EBRID>65001161040020314010102</EBRID>
      <StateCode>3</StateCode>
      <StateDesc>离线</StateDesc>
    </EBRDT>
    <EBRDT>
      <RptTime>2018-08-24 23:11:43</RptTime>
      <EBRID>65001161010030314010103</EBRID>
      <StateCode>3</StateCode>
      <StateDesc>离线</StateDesc>
    </EBRDT>
    <EBRDT>
      <RptTime>2018-08-24 23:11:43</RptTime>
      <EBRID>65001161102060314010106</EBRID>
      <StateCode>3</StateCode>
      <StateDesc>离线</StateDesc>
    </EBRDT>
    <EBRDT>
      <RptTime>2018-08-24 23:11:43</RptTime>
      <EBRID>65001161040020314010103</EBRID>
      <StateCode>3</StateCode>
      <StateDesc>离线</StateDesc>
    </EBRDT>
    <EBRDT>
      <RptTime>2018-08-24 23:11:43</RptTime>
      <EBRID>65001161010030314010104</EBRID>
      <StateCode>3</StateCode>
      <StateDesc>离线</StateDesc>
    </EBRDT>
    <EBRDT>
      <RptTime>2018-08-24 23:11:43</RptTime>
      <EBRID>65001161102060314010107</EBRID>
      <StateCode>3</StateCode>
      <StateDesc>离线</StateDesc>
    </EBRDT>
    <EBRDT>
      <RptTime>2018-08-24 23:11:43</RptTime>
      <EBRID>65001161220010314010101</EBRID>
      <StateCode>3</StateCode>
      <StateDesc>离线</StateDesc>
    </EBRDT>
    <EBRDT>
      <RptTime>2018-08-24 23:11:43</RptTime>
      <EBRID>65001161010030314010105</EBRID>
      <StateCode>3</StateCode>
      <StateDesc>离线</StateDesc>
    </EBRDT>
    <EBRDT>
      <RptTime>2018-08-24 23:11:43</RptTime>
      <EBRID>65001161040020314010104</EBRID>
      <StateCode>3</StateCode>
      <StateDesc>离线</StateDesc>
    </EBRDT>
    <EBRDT>
      <RptTime>2018-08-24 23:11:43</RptTime>
      <EBRID>65001161102060314010108</EBRID>
      <StateCode>3</StateCode>
      <StateDesc>离线</StateDesc>
    </EBRDT>
    <EBRDT>
      <RptTime>2018-08-24 23:11:43</RptTime>
      <EBRID>65001161040020314010105</EBRID>
      <StateCode>3</StateCode>
      <StateDesc>离线</StateDesc>
    </EBRDT>
    <EBRDT>
      <RptTime>2018-08-24 23:11:43</RptTime>
      <EBRID>65001161010030314010106</EBRID>
      <StateCode>3</StateCode>
      <StateDesc>离线</StateDesc>
    </EBRDT>
    <EBRDT>
      <RptTime>2018-08-24 23:11:43</RptTime>
      <EBRID>65001160020070314010402</EBRID>
      <StateCode>3</StateCode>
      <StateDesc>离线</StateDesc>
    </EBRDT>
  </EBRDTState>
</EBD>
