<?xml version="1.0" encoding="utf-8" standalone="yes"?>
<EBD xmlns:xsi="http://www.w3.org/2001/XMLSchema-instance" xmlns:xsd="http://www.w3.org/2001/XMLSchema">
  <EBDVersion>1.0</EBDVersion>
  <EBDID>10450011600000003140102010000000000000005</EBDID>
  <EBDType>EBRDTState</EBDType>
  <SRC>
    <EBRID>45001160000000314010201</EBRID>
    <URL>http://192.168.4.193:7500</URL>
  </SRC>
  <EBDTime>2018-08-24 23:11:42</EBDTime>
  <EBRDTState>
    <EBRDT>
      <RptTime>2018-08-24 23:11:42</RptTime>
      <EBRID>65001160020070314010401</EBRID>
      <StateCode>3</StateCode>
      <StateDesc>离线</StateDesc>
    </EBRDT>
    <EBRDT>
      <RptTime>2018-08-24 23:11:42</RptTime>
      <EBRID>65001160020070314010403</EBRID>
      <StateCode>3</StateCode>
      <StateDesc>离线</StateDesc>
    </EBRDT>
    <EBRDT>
      <RptTime>2018-08-24 23:11:42</RptTime>
      <EBRID>65001160020070314010103</EBRID>
      <StateCode>3</StateCode>
      <StateDesc>离线</StateDesc>
    </EBRDT>
    <EBRDT>
      <RptTime>2018-08-24 23:11:42</RptTime>
      <EBRID>65001160020070314010104</EBRID>
      <StateCode>3</StateCode>
      <StateDesc>离线</StateDesc>
    </EBRDT>
    <EBRDT>
      <RptTime>2018-08-24 23:11:42</RptTime>
      <EBRID>65001160020070314010105</EBRID>
      <StateCode>3</StateCode>
      <StateDesc>离线</StateDesc>
    </EBRDT>
    <EBRDT>
      <RptTime>2018-08-24 23:11:42</RptTime>
      <EBRID>65001160020070314010106</EBRID>
      <StateCode>3</StateCode>
      <StateDesc>离线</StateDesc>
    </EBRDT>
    <EBRDT>
      <RptTime>2018-08-24 23:11:42</RptTime>
      <EBRID>65001160020070314010107</EBRID>
      <StateCode>3</StateCode>
      <StateDesc>离线</StateDesc>
    </EBRDT>
    <EBRDT>
      <RptTime>2018-08-24 23:11:42</RptTime>
      <EBRID>65001160020070314010108</EBRID>
      <StateCode>3</StateCode>
      <StateDesc>离线</StateDesc>
    </EBRDT>
    <EBRDT>
      <RptTime>2018-08-24 23:11:42</RptTime>
      <EBRID>65001160020070314010109</EBRID>
      <StateCode>3</StateCode>
      <StateDesc>离线</StateDesc>
    </EBRDT>
    <EBRDT>
      <RptTime>2018-08-24 23:11:42</RptTime>
      <EBRID>65001160020070314010110</EBRID>
      <StateCode>3</StateCode>
      <StateDesc>离线</StateDesc>
    </EBRDT>
    <EBRDT>
      <RptTime>2018-08-24 23:11:42</RptTime>
      <EBRID>65001160020070314010111</EBRID>
      <StateCode>3</StateCode>
      <StateDesc>离线</StateDesc>
    </EBRDT>
    <EBRDT>
      <RptTime>2018-08-24 23:11:42</RptTime>
      <EBRID>65001160020070314010112</EBRID>
      <StateCode>3</StateCode>
      <StateDesc>离线</StateDesc>
    </EBRDT>
    <EBRDT>
      <RptTime>2018-08-24 23:11:42</RptTime>
      <EBRID>65001160020070314010113</EBRID>
      <StateCode>3</StateCode>
      <StateDesc>离线</StateDesc>
    </EBRDT>
    <EBRDT>
      <RptTime>2018-08-24 23:11:42</RptTime>
      <EBRID>65001160020070314010114</EBRID>
      <StateCode>3</StateCode>
      <StateDesc>离线</StateDesc>
    </EBRDT>
    <EBRDT>
      <RptTime>2018-08-24 23:11:42</RptTime>
      <EBRID>65001160020070314010115</EBRID>
      <StateCode>3</StateCode>
      <StateDesc>离线</StateDesc>
    </EBRDT>
    <EBRDT>
      <RptTime>2018-08-24 23:11:42</RptTime>
      <EBRID>65001160020070314010116</EBRID>
      <StateCode>3</StateCode>
      <StateDesc>离线</StateDesc>
    </EBRDT>
    <EBRDT>
      <RptTime>2018-08-24 23:11:42</RptTime>
      <EBRID>65001160020070314010117</EBRID>
      <StateCode>3</StateCode>
      <StateDesc>离线</StateDesc>
    </EBRDT>
    <EBRDT>
      <RptTime>2018-08-24 23:11:42</RptTime>
      <EBRID>65001160020070314010118</EBRID>
      <StateCode>3</StateCode>
      <StateDesc>离线</StateDesc>
    </EBRDT>
    <EBRDT>
      <RptTime>2018-08-24 23:11:42</RptTime>
      <EBRID>65001160020070314010119</EBRID>
      <StateCode>3</StateCode>
      <StateDesc>离线</StateDesc>
    </EBRDT>
    <EBRDT>
      <RptTime>2018-08-24 23:11:42</RptTime>
      <EBRID>65001160020780314010101</EBRID>
      <StateCode>3</StateCode>
      <StateDesc>离线</StateDesc>
    </EBRDT>
    <EBRDT>
      <RptTime>2018-08-24 23:11:42</RptTime>
      <EBRID>65001160020780314010102</EBRID>
      <StateCode>3</StateCode>
      <StateDesc>离线</StateDesc>
    </EBRDT>
    <EBRDT>
      <RptTime>2018-08-24 23:11:42</RptTime>
      <EBRID>65001160020780314010103</EBRID>
      <StateCode>3</StateCode>
      <StateDesc>离线</StateDesc>
    </EBRDT>
    <EBRDT>
      <RptTime>2018-08-24 23:11:42</RptTime>
      <EBRID>65001160020780314010104</EBRID>
      <StateCode>3</StateCode>
      <StateDesc>离线</StateDesc>
    </EBRDT>
    <EBRDT>
      <RptTime>2018-08-24 23:11:42</RptTime>
      <EBRID>65001160020780314010105</EBRID>
      <StateCode>3</StateCode>
      <StateDesc>离线</StateDesc>
    </EBRDT>
    <EBRDT>
      <RptTime>2018-08-24 23:11:42</RptTime>
      <EBRID>65001160020780314010106</EBRID>
      <StateCode>3</StateCode>
      <StateDesc>离线</StateDesc>
    </EBRDT>
    <EBRDT>
      <RptTime>2018-08-24 23:11:42</RptTime>
      <EBRID>65001160020780314010107</EBRID>
      <StateCode>3</StateCode>
      <StateDesc>离线</StateDesc>
    </EBRDT>
    <EBRDT>
      <RptTime>2018-08-24 23:11:42</RptTime>
      <EBRID>65001161992000314010101</EBRID>
      <StateCode>3</StateCode>
      <StateDesc>离线</StateDesc>
    </EBRDT>
    <EBRDT>
      <RptTime>2018-08-24 23:11:42</RptTime>
      <EBRID>65001161012040314010101</EBRID>
      <StateCode>3</StateCode>
      <StateDesc>离线</StateDesc>
    </EBRDT>
    <EBRDT>
      <RptTime>2018-08-24 23:11:42</RptTime>
      <EBRID>65001161012040314010102</EBRID>
      <StateCode>3</StateCode>
      <StateDesc>离线</StateDesc>
    </EBRDT>
    <EBRDT>
      <RptTime>2018-08-24 23:11:42</RptTime>
      <EBRID>65001161012040314010103</EBRID>
      <StateCode>3</StateCode>
      <StateDesc>离线</StateDesc>
    </EBRDT>
    <EBRDT>
      <RptTime>2018-08-24 23:11:42</RptTime>
      <EBRID>65001161012040314010104</EBRID>
      <StateCode>3</StateCode>
      <StateDesc>离线</StateDesc>
    </EBRDT>
    <EBRDT>
      <RptTime>2018-08-24 23:11:42</RptTime>
      <EBRID>65001161012040314010105</EBRID>
      <StateCode>3</StateCode>
      <StateDesc>离线</StateDesc>
    </EBRDT>
    <EBRDT>
      <RptTime>2018-08-24 23:11:42</RptTime>
      <EBRID>65001161012040314010106</EBRID>
      <StateCode>3</StateCode>
      <StateDesc>离线</StateDesc>
    </EBRDT>
    <EBRDT>
      <RptTime>2018-08-24 23:11:42</RptTime>
      <EBRID>65001161012040314010107</EBRID>
      <StateCode>3</StateCode>
      <StateDesc>离线</StateDesc>
    </EBRDT>
    <EBRDT>
      <RptTime>2018-08-24 23:11:42</RptTime>
      <EBRID>65001161012040314010108</EBRID>
      <StateCode>3</StateCode>
      <StateDesc>离线</StateDesc>
    </EBRDT>
    <EBRDT>
      <RptTime>2018-08-24 23:11:42</RptTime>
      <EBRID>65001161012040314010109</EBRID>
      <StateCode>3</StateCode>
      <StateDesc>离线</StateDesc>
    </EBRDT>
    <EBRDT>
      <RptTime>2018-08-24 23:11:42</RptTime>
      <EBRID>65001161012040314010110</EBRID>
      <StateCode>3</StateCode>
      <StateDesc>离线</StateDesc>
    </EBRDT>
    <EBRDT>
      <RptTime>2018-08-24 23:11:42</RptTime>
      <EBRID>65001161012030314010101</EBRID>
      <StateCode>3</StateCode>
      <StateDesc>离线</StateDesc>
    </EBRDT>
    <EBRDT>
      <RptTime>2018-08-24 23:11:42</RptTime>
      <EBRID>65001161012030314010102</EBRID>
      <StateCode>3</StateCode>
      <StateDesc>离线</StateDesc>
    </EBRDT>
    <EBRDT>
      <RptTime>2018-08-24 23:11:42</RptTime>
      <EBRID>65001161012030314010103</EBRID>
      <StateCode>3</StateCode>
      <StateDesc>离线</StateDesc>
    </EBRDT>
    <EBRDT>
      <RptTime>2018-08-24 23:11:42</RptTime>
      <EBRID>65001161012030314010104</EBRID>
      <StateCode>3</StateCode>
      <StateDesc>离线</StateDesc>
    </EBRDT>
    <EBRDT>
      <RptTime>2018-08-24 23:11:42</RptTime>
      <EBRID>65001161012030314010105</EBRID>
      <StateCode>3</StateCode>
      <StateDesc>离线</StateDesc>
    </EBRDT>
    <EBRDT>
      <RptTime>2018-08-24 23:11:42</RptTime>
      <EBRID>65001161012030314010106</EBRID>
      <StateCode>3</StateCode>
      <StateDesc>离线</StateDesc>
    </EBRDT>
    <EBRDT>
      <RptTime>2018-08-24 23:11:42</RptTime>
      <EBRID>65001161012030314010107</EBRID>
      <StateCode>3</StateCode>
      <StateDesc>离线</StateDesc>
    </EBRDT>
    <EBRDT>
      <RptTime>2018-08-24 23:11:42</RptTime>
      <EBRID>65001161012030314010108</EBRID>
      <StateCode>3</StateCode>
      <StateDesc>离线</StateDesc>
    </EBRDT>
    <EBRDT>
      <RptTime>2018-08-24 23:11:42</RptTime>
      <EBRID>65001161012030314010109</EBRID>
      <StateCode>3</StateCode>
      <StateDesc>离线</StateDesc>
    </EBRDT>
    <EBRDT>
      <RptTime>2018-08-24 23:11:42</RptTime>
      <EBRID>65001161012010314010101</EBRID>
      <StateCode>3</StateCode>
      <StateDesc>离线</StateDesc>
    </EBRDT>
    <EBRDT>
      <RptTime>2018-08-24 23:11:42</RptTime>
      <EBRID>65001161012010314010102</EBRID>
      <StateCode>3</StateCode>
      <StateDesc>离线</StateDesc>
    </EBRDT>
    <EBRDT>
      <RptTime>2018-08-24 23:11:42</RptTime>
      <EBRID>65001161012010314010103</EBRID>
      <StateCode>3</StateCode>
      <StateDesc>离线</StateDesc>
    </EBRDT>
    <EBRDT>
      <RptTime>2018-08-24 23:11:42</RptTime>
      <EBRID>65001161012010314010104</EBRID>
      <StateCode>3</StateCode>
      <StateDesc>离线</StateDesc>
    </EBRDT>
    <EBRDT>
      <RptTime>2018-08-24 23:11:42</RptTime>
      <EBRID>65001161012010314010105</EBRID>
      <StateCode>3</StateCode>
      <StateDesc>离线</StateDesc>
    </EBRDT>
    <EBRDT>
      <RptTime>2018-08-24 23:11:42</RptTime>
      <EBRID>65001161012010314010106</EBRID>
      <StateCode>3</StateCode>
      <StateDesc>离线</StateDesc>
    </EBRDT>
    <EBRDT>
      <RptTime>2018-08-24 23:11:42</RptTime>
      <EBRID>65001161012010314010107</EBRID>
      <StateCode>3</StateCode>
      <StateDesc>离线</StateDesc>
    </EBRDT>
    <EBRDT>
      <RptTime>2018-08-24 23:11:42</RptTime>
      <EBRID>65001161022050314010101</EBRID>
      <StateCode>3</StateCode>
      <StateDesc>离线</StateDesc>
    </EBRDT>
    <EBRDT>
      <RptTime>2018-08-24 23:11:42</RptTime>
      <EBRID>65001161012010314010108</EBRID>
      <StateCode>3</StateCode>
      <StateDesc>离线</StateDesc>
    </EBRDT>
    <EBRDT>
      <RptTime>2018-08-24 23:11:42</RptTime>
      <EBRID>65001161012010314010109</EBRID>
      <StateCode>3</StateCode>
      <StateDesc>离线</StateDesc>
    </EBRDT>
    <EBRDT>
      <RptTime>2018-08-24 23:11:42</RptTime>
      <EBRID>65001161022050314010102</EBRID>
      <StateCode>3</StateCode>
      <StateDesc>离线</StateDesc>
    </EBRDT>
    <EBRDT>
      <RptTime>2018-08-24 23:11:42</RptTime>
      <EBRID>65001161012010314010110</EBRID>
      <StateCode>3</StateCode>
      <StateDesc>离线</StateDesc>
    </EBRDT>
    <EBRDT>
      <RptTime>2018-08-24 23:11:42</RptTime>
      <EBRID>65001161022050314010103</EBRID>
      <StateCode>3</StateCode>
      <StateDesc>离线</StateDesc>
    </EBRDT>
    <EBRDT>
      <RptTime>2018-08-24 23:11:42</RptTime>
      <EBRID>65001161022050314010104</EBRID>
      <StateCode>3</StateCode>
      <StateDesc>离线</StateDesc>
    </EBRDT>
    <EBRDT>
      <RptTime>2018-08-24 23:11:42</RptTime>
      <EBRID>65001161022050314010105</EBRID>
      <StateCode>3</StateCode>
      <StateDesc>离线</StateDesc>
    </EBRDT>
    <EBRDT>
      <RptTime>2018-08-24 23:11:42</RptTime>
      <EBRID>65001161022050314010106</EBRID>
      <StateCode>3</StateCode>
      <StateDesc>离线</StateDesc>
    </EBRDT>
    <EBRDT>
      <RptTime>2018-08-24 23:11:42</RptTime>
      <EBRID>65001161012070314010101</EBRID>
      <StateCode>3</StateCode>
      <StateDesc>离线</StateDesc>
    </EBRDT>
    <EBRDT>
      <RptTime>2018-08-24 23:11:42</RptTime>
      <EBRID>65001161012070314010102</EBRID>
      <StateCode>3</StateCode>
      <StateDesc>离线</StateDesc>
    </EBRDT>
    <EBRDT>
      <RptTime>2018-08-24 23:11:42</RptTime>
      <EBRID>65001161022050314010107</EBRID>
      <StateCode>3</StateCode>
      <StateDesc>离线</StateDesc>
    </EBRDT>
    <EBRDT>
      <RptTime>2018-08-24 23:11:42</RptTime>
      <EBRID>65001161012070314010103</EBRID>
      <StateCode>3</StateCode>
      <StateDesc>离线</StateDesc>
    </EBRDT>
    <EBRDT>
      <RptTime>2018-08-24 23:11:42</RptTime>
      <EBRID>65001161022050314010108</EBRID>
      <StateCode>3</StateCode>
      <StateDesc>离线</StateDesc>
    </EBRDT>
    <EBRDT>
      <RptTime>2018-08-24 23:11:42</RptTime>
      <EBRID>65001161012070314010104</EBRID>
      <StateCode>3</StateCode>
      <StateDesc>离线</StateDesc>
    </EBRDT>
    <EBRDT>
      <RptTime>2018-08-24 23:11:42</RptTime>
      <EBRID>65001161022050314010109</EBRID>
      <StateCode>3</StateCode>
      <StateDesc>离线</StateDesc>
    </EBRDT>
    <EBRDT>
      <RptTime>2018-08-24 23:11:42</RptTime>
      <EBRID>65001161022050314010110</EBRID>
      <StateCode>3</StateCode>
      <StateDesc>离线</StateDesc>
    </EBRDT>
    <EBRDT>
      <RptTime>2018-08-24 23:11:42</RptTime>
      <EBRID>65001161012030314010110</EBRID>
      <StateCode>3</StateCode>
      <StateDesc>离线</StateDesc>
    </EBRDT>
    <EBRDT>
      <RptTime>2018-08-24 23:11:42</RptTime>
      <EBRID>65001161022000314010101</EBRID>
      <StateCode>3</StateCode>
      <StateDesc>离线</StateDesc>
    </EBRDT>
    <EBRDT>
      <RptTime>2018-08-24 23:11:42</RptTime>
      <EBRID>65001161022000314010102</EBRID>
      <StateCode>3</StateCode>
      <StateDesc>离线</StateDesc>
    </EBRDT>
    <EBRDT>
      <RptTime>2018-08-24 23:11:42</RptTime>
      <EBRID>65001161042000314010101</EBRID>
      <StateCode>3</StateCode>
      <StateDesc>离线</StateDesc>
    </EBRDT>
    <EBRDT>
      <RptTime>2018-08-24 23:11:42</RptTime>
      <EBRID>65001161022000314010103</EBRID>
      <StateCode>3</StateCode>
      <StateDesc>离线</StateDesc>
    </EBRDT>
    <EBRDT>
      <RptTime>2018-08-24 23:11:42</RptTime>
      <EBRID>65001161042000314010102</EBRID>
      <StateCode>3</StateCode>
      <StateDesc>离线</StateDesc>
    </EBRDT>
    <EBRDT>
      <RptTime>2018-08-24 23:11:42</RptTime>
      <EBRID>65001161022000314010104</EBRID>
      <StateCode>3</StateCode>
      <StateDesc>离线</StateDesc>
    </EBRDT>
    <EBRDT>
      <RptTime>2018-08-24 23:11:42</RptTime>
      <EBRID>65001161042000314010103</EBRID>
      <StateCode>3</StateCode>
      <StateDesc>离线</StateDesc>
    </EBRDT>
    <EBRDT>
      <RptTime>2018-08-24 23:11:42</RptTime>
      <EBRID>65001161042000314010104</EBRID>
      <StateCode>3</StateCode>
      <StateDesc>离线</StateDesc>
    </EBRDT>
    <EBRDT>
      <RptTime>2018-08-24 23:11:42</RptTime>
      <EBRID>65001161022000314010105</EBRID>
      <StateCode>3</StateCode>
      <StateDesc>离线</StateDesc>
    </EBRDT>
    <EBRDT>
      <RptTime>2018-08-24 23:11:42</RptTime>
      <EBRID>65001161022000314010106</EBRID>
      <StateCode>3</StateCode>
      <StateDesc>离线</StateDesc>
    </EBRDT>
    <EBRDT>
      <RptTime>2018-08-24 23:11:42</RptTime>
      <EBRID>65001161042000314010105</EBRID>
      <StateCode>3</StateCode>
      <StateDesc>离线</StateDesc>
    </EBRDT>
    <EBRDT>
      <RptTime>2018-08-24 23:11:42</RptTime>
      <EBRID>65001161022000314010107</EBRID>
      <StateCode>3</StateCode>
      <StateDesc>离线</StateDesc>
    </EBRDT>
    <EBRDT>
      <RptTime>2018-08-24 23:11:42</RptTime>
      <EBRID>65001161042000314010106</EBRID>
      <StateCode>3</StateCode>
      <StateDesc>离线</StateDesc>
    </EBRDT>
    <EBRDT>
      <RptTime>2018-08-24 23:11:42</RptTime>
      <EBRID>65001161042000314010107</EBRID>
      <StateCode>3</StateCode>
      <StateDesc>离线</StateDesc>
    </EBRDT>
    <EBRDT>
      <RptTime>2018-08-24 23:11:42</RptTime>
      <EBRID>65001161042000314010108</EBRID>
      <StateCode>3</StateCode>
      <StateDesc>离线</StateDesc>
    </EBRDT>
    <EBRDT>
      <RptTime>2018-08-24 23:11:42</RptTime>
      <EBRID>65001161042000314010109</EBRID>
      <StateCode>3</StateCode>
      <StateDesc>离线</StateDesc>
    </EBRDT>
    <EBRDT>
      <RptTime>2018-08-24 23:11:42</RptTime>
      <EBRID>65001161042000314010110</EBRID>
      <StateCode>3</StateCode>
      <StateDesc>离线</StateDesc>
    </EBRDT>
    <EBRDT>
      <RptTime>2018-08-24 23:11:42</RptTime>
      <EBRID>65001161042000314010111</EBRID>
      <StateCode>3</StateCode>
      <StateDesc>离线</StateDesc>
    </EBRDT>
    <EBRDT>
      <RptTime>2018-08-24 23:11:42</RptTime>
      <EBRID>65001161022010314010101</EBRID>
      <StateCode>3</StateCode>
      <StateDesc>离线</StateDesc>
    </EBRDT>
    <EBRDT>
      <RptTime>2018-08-24 23:11:42</RptTime>
      <EBRID>65001161040030314010101</EBRID>
      <StateCode>3</StateCode>
      <StateDesc>离线</StateDesc>
    </EBRDT>
    <EBRDT>
      <RptTime>2018-08-24 23:11:42</RptTime>
      <EBRID>65001161022010314010102</EBRID>
      <StateCode>3</StateCode>
      <StateDesc>离线</StateDesc>
    </EBRDT>
    <EBRDT>
      <RptTime>2018-08-24 23:11:42</RptTime>
      <EBRID>65001161022010314010103</EBRID>
      <StateCode>3</StateCode>
      <StateDesc>离线</StateDesc>
    </EBRDT>
    <EBRDT>
      <RptTime>2018-08-24 23:11:42</RptTime>
      <EBRID>65001161022010314010104</EBRID>
      <StateCode>3</StateCode>
      <StateDesc>离线</StateDesc>
    </EBRDT>
    <EBRDT>
      <RptTime>2018-08-24 23:11:42</RptTime>
      <EBRID>65001161022010314010105</EBRID>
      <StateCode>3</StateCode>
      <StateDesc>离线</StateDesc>
    </EBRDT>
    <EBRDT>
      <RptTime>2018-08-24 23:11:42</RptTime>
      <EBRID>65001161190010314010101</EBRID>
      <StateCode>3</StateCode>
      <StateDesc>离线</StateDesc>
    </EBRDT>
    <EBRDT>
      <RptTime>2018-08-24 23:11:42</RptTime>
      <EBRID>65001161022010314010106</EBRID>
      <StateCode>3</StateCode>
      <StateDesc>离线</StateDesc>
    </EBRDT>
    <EBRDT>
      <RptTime>2018-08-24 23:11:42</RptTime>
      <EBRID>65001161022010314010107</EBRID>
      <StateCode>3</StateCode>
      <StateDesc>离线</StateDesc>
    </EBRDT>
    <EBRDT>
      <RptTime>2018-08-24 23:11:42</RptTime>
      <EBRID>65001161022010314010108</EBRID>
      <StateCode>3</StateCode>
      <StateDesc>离线</StateDesc>
    </EBRDT>
  </EBRDTState>
</EBD>
